rel_path,eye_angle,chin_length,eyebrow_shape,eyebrow_thickness,face_shape,hair,face_color,hair_color,glasses
0/cs12385031123513612004.png,1,0,5,1,5,65,2,8,11
0/cs1213446833171185255.png,0,0,6,1,3,38,1,6,0
0/cs1182038763634098519.png,1,1,9,2,2,100,7,5,9
0/cs12147983970397376698.png,0,0,10,0,6,43,8,2,11
0/cs12757528008352623916.png,0,1,10,2,0,16,7,4,3
0/cs11769651690570471879.png,0,2,13,2,6,101,7,3,0
0/cs12315899470378916613.png,0,0,7,0,4,75,7,8,11
0/cs12856175746726004471.png,1,2,11,1,1,94,2,5,11
0/cs12292308861767231670.png,2,2,0,2,1,12,1,8,11
0/cs1207037442202560837.png,2,2,1,3,2,24,3,2,4
0/cs12549205184923862647.png,0,2,2,3,3,27,4,7,11
0/cs12356092575936752935.png,1,2,3,3,1,70,8,6,11
0/cs12221007954109281756.png,1,1,12,3,0,22,10,1,4
0/cs12338238862131526154.png,0,2,6,3,2,44,9,3,11
0/cs1183919813930750473.png,1,1,12,2,6,102,10,1,9
0/cs12597932955948793648.png,0,2,3,3,0,97,8,8,11
0/cs12819289896091596704.png,1,1,7,2,6,70,1,2,4
0/cs12043675511574996057.png,2,0,9,3,6,37,1,0,11
0/cs12232094171743221928.png,0,2,7,1,2,68,6,7,0
0/cs12476298077333489587.png,0,0,1,2,1,59,0,6,11
0/cs11743088682282797184.png,0,1,7,3,3,7,1,6,7
0/cs12277540066308280340.png,1,2,10,0,2,95,4,0,9
0/cs11888731979459820259.png,0,2,9,0,5,9,1,6,10
0/cs11570881188078112255.png,1,0,11,3,5,98,0,3,11
0/cs12398890781536784027.png,0,0,13,2,4,99,1,3,9
0/cs11619428297122270358.png,1,0,10,2,4,44,9,5,11
0/cs11620256963018979061.png,0,0,2,3,3,7,10,9,3
0/cs12106846548288190697.png,2,0,3,1,2,25,7,9,11
0/cs1291369176715587786.png,1,2,3,3,1,102,6,1,9
0/cs12503137572602578427.png,0,0,1,2,1,39,5,3,11
0/cs12772070050834936107.png,2,2,3,1,5,61,4,9,11
0/cs129981346445626345.png,0,1,11,3,3,18,7,7,7
0/cs11559780366199333033.png,1,1,0,0,1,16,1,9,11
0/cs11763827985976176202.png,1,2,7,0,6,73,0,3,8
0/cs11900436403836368001.png,0,1,7,2,5,97,4,0,11
0/cs12913106703205950866.png,0,0,13,3,5,14,1,4,10
0/cs12739128524143921951.png,2,1,10,2,0,16,5,9,1
0/cs12536981172043110338.png,2,1,6,1,5,29,0,6,3
0/cs12551752175339650347.png,1,0,12,0,5,73,9,0,11
0/cs12585957927272444861.png,0,1,6,2,3,61,9,0,1
0/cs11724169453171832180.png,2,0,9,3,5,71,10,7,5
0/cs12648575048392078729.png,0,2,4,0,0,61,7,0,8
0/cs11747604412999821069.png,2,2,4,2,4,84,6,3,11
0/cs12323447176487815105.png,2,2,6,2,0,17,1,4,7
0/cs12145658589062689112.png,2,2,13,2,4,98,10,7,11
0/cs12509201449976578337.png,2,1,12,0,4,85,5,9,11
0/cs12562499539360339697.png,1,0,12,2,5,69,9,2,8
0/cs12276386023282019444.png,0,2,4,1,5,31,9,2,7
0/cs12134348056074822976.png,2,2,7,3,6,8,6,8,11
0/cs13005393764374422245.png,0,1,8,3,0,78,1,2,0
0/cs12435834915565877237.png,1,0,2,0,3,25,10,7,11
0/cs11548344432435091299.png,1,1,9,3,0,62,1,1,11
0/cs12723015836458944607.png,0,1,1,0,3,106,6,6,5
0/cs12617381049637691250.png,2,1,3,2,0,106,9,0,11
0/cs12774078765546326316.png,0,0,3,3,4,29,2,4,2
0/cs1210285627921028536.png,0,0,4,2,1,31,10,2,11
0/cs12841376674763269738.png,2,0,4,1,6,4,1,4,4
0/cs11847102924988379696.png,1,1,9,1,1,41,5,7,4
0/cs12572344164708430462.png,2,0,7,1,3,74,3,6,7
0/cs12993991444400920982.png,2,0,9,1,2,84,0,0,11
0/cs12946203194339322112.png,1,2,8,1,6,53,2,6,3
0/cs12742665684015321457.png,2,2,1,2,3,104,3,5,11
0/cs12066535471883770369.png,0,0,9,1,2,99,4,5,11
0/cs11658908360647157660.png,0,1,0,0,2,71,10,8,5
0/cs1244193761136584404.png,1,2,7,3,0,35,9,9,1
0/cs12324114834645895733.png,1,1,2,2,5,40,2,0,11
0/cs12823216857451264242.png,2,1,9,2,3,80,0,8,7
0/cs12737724788250616112.png,0,1,11,0,3,90,9,4,7
0/cs12532935229138918571.png,0,0,4,1,2,39,2,0,5
0/cs12727711338231345594.png,1,2,11,1,6,17,8,5,5
0/cs12413925517345816766.png,1,1,0,0,0,96,10,1,8
0/cs12416127462960163201.png,2,2,10,2,3,68,2,7,11
0/cs11756569417879576413.png,0,1,6,0,6,57,3,5,11
0/cs12676460652036101777.png,1,0,10,2,2,8,10,7,11
0/cs11714553781626897483.png,1,1,13,0,0,76,6,4,11
0/cs1228692470174786533.png,2,1,0,2,5,47,7,6,11
0/cs12524286097620793728.png,1,1,4,2,0,23,1,9,1
0/cs12307334525216043060.png,2,0,10,0,6,9,4,4,11
0/cs1294152469977581175.png,1,2,12,2,2,84,1,4,2
0/cs11889443623271238090.png,2,1,8,2,6,75,3,9,11
0/cs12991634824436715988.png,1,0,3,2,3,82,7,8,11
0/cs12507051807107859832.png,0,0,5,3,5,31,8,7,6
0/cs12389479560004682690.png,2,0,13,2,1,54,6,6,11
0/cs12922008811596674124.png,1,1,7,2,4,5,9,1,5
0/cs12347829348208274953.png,2,1,9,2,1,13,6,9,11
0/cs12363827880983707344.png,2,0,13,1,1,29,0,9,3
0/cs11737905228507615053.png,0,0,13,2,6,16,5,5,11
0/cs12617526837746002584.png,1,1,1,0,4,21,10,6,11
0/cs11783512385025481880.png,1,2,9,1,6,8,9,6,1
0/cs12634772748457265329.png,2,1,9,1,1,94,2,6,7
0/cs11989377101894292128.png,2,2,3,2,5,7,8,4,11
0/cs11627766845378382055.png,1,0,1,2,3,4,2,3,0
0/cs11956492671369624503.png,1,1,3,1,2,67,6,5,11
0/cs11968349813429499741.png,0,1,13,0,2,50,7,3,11
0/cs11509363352088081436.png,1,2,0,0,2,34,6,1,11
0/cs12107899787924991525.png,2,0,11,3,5,73,0,2,10
0/cs12547978100300465841.png,0,2,2,0,2,69,6,9,11
0/cs11679841005399523765.png,1,1,8,0,1,80,2,2,8
0/cs11790454457887556738.png,0,0,8,0,6,19,10,8,3
0/cs12071686745435897179.png,1,1,2,3,2,47,9,3,2
0/cs1251367434201037958.png,2,2,0,3,6,73,5,2,11
0/cs12597741196827368100.png,1,1,4,2,2,23,10,9,4
0/cs12071335806479498362.png,2,1,0,3,4,85,0,2,11
0/cs11684680102935238144.png,1,0,1,2,3,66,0,6,11
0/cs12769879666112051609.png,2,2,13,0,2,100,8,3,1
0/cs12129043266875850429.png,1,2,5,3,6,38,6,3,11
0/cs11964094342233127320.png,0,1,2,0,3,99,8,2,1
0/cs12938366656259395053.png,0,1,11,1,4,16,1,4,2
0/cs12008401295638335907.png,1,1,1,2,0,46,10,0,11
0/cs13008748110054473978.png,1,0,2,1,0,39,1,9,3
0/cs11995092427070842809.png,0,0,13,1,6,78,5,1,11
0/cs11713400957265660105.png,0,0,13,0,1,14,7,8,11
0/cs12869969569970494738.png,2,1,6,0,5,4,5,6,10
0/cs12294381834335678410.png,0,0,2,2,6,6,5,3,5
0/cs11895867973223080914.png,2,1,6,2,2,87,7,4,10
0/cs1163551851613426710.png,0,1,11,1,2,39,4,2,11
0/cs11694126860612063144.png,2,0,4,1,3,42,2,5,11
0/cs12682097389062068306.png,0,1,9,1,6,48,7,3,11
0/cs12949414053222321487.png,1,1,3,2,6,20,3,8,4
0/cs1217439593585734293.png,2,0,0,1,3,49,3,6,0
0/cs12306289412465700854.png,1,2,8,0,3,64,0,9,11
0/cs12427642330683767888.png,0,2,2,2,6,8,6,8,7
0/cs12313319296044414852.png,2,2,10,3,4,12,10,0,3
0/cs12134356675186338021.png,1,2,10,3,4,86,10,7,7
0/cs12086062151378008921.png,0,1,4,1,3,72,1,1,11
0/cs12513565183543514254.png,2,0,1,2,1,39,10,6,5
0/cs11547313192912233806.png,2,1,10,1,3,7,2,9,9
0/cs12335607546686473607.png,1,2,2,1,3,23,7,5,11
0/cs12767589326810552374.png,2,2,4,2,6,3,4,5,9
0/cs12559176686528381160.png,1,2,5,0,2,31,7,0,2
0/cs11527559384792140301.png,1,1,10,3,6,6,8,6,6
0/cs12988516279420825592.png,1,2,6,1,6,96,10,8,11
0/cs11755640126177942191.png,1,0,4,3,1,24,1,0,4
0/cs11503401209912824642.png,0,0,1,0,0,32,6,0,11
0/cs11621219866367157451.png,1,1,12,2,2,14,3,6,10
0/cs11505003983413828479.png,2,2,4,2,2,102,10,8,0
0/cs12009559954964165282.png,0,2,12,3,0,47,10,3,1
0/cs12900427273464675317.png,1,0,5,3,5,8,10,7,11
0/cs11684462662259741502.png,2,0,0,1,5,20,5,4,11
0/cs12264733406711498474.png,0,0,11,0,6,94,6,7,0
0/cs11746034989245676277.png,0,1,6,0,4,15,8,3,10
0/cs1299521038781896133.png,0,1,8,0,6,84,6,1,8
0/cs12875676910355345643.png,2,0,11,0,0,84,5,4,4
0/cs11992859165167786833.png,2,1,12,2,1,95,7,0,2
0/cs1276642252517686229.png,1,1,10,1,6,65,8,3,11
0/cs11783194321331416213.png,2,2,3,2,6,86,1,0,11
0/cs11655500301555006514.png,1,2,6,3,1,41,10,9,11
0/cs12359873946104054771.png,2,1,1,3,1,65,7,8,11
0/cs12595767664597074621.png,0,2,5,1,6,81,9,1,6
0/cs11929178890939468594.png,2,0,8,2,5,91,6,6,11
0/cs11706358202711545887.png,0,0,2,0,2,10,8,6,11
0/cs12413116906642933633.png,0,0,4,1,5,47,4,7,11
0/cs12414278638374241027.png,2,1,4,0,1,59,7,1,11
0/cs12521713822692921639.png,0,2,4,1,3,7,10,5,7
0/cs12220220865391297387.png,0,1,5,2,0,31,7,3,10
0/cs12863912792750868592.png,1,0,2,2,3,105,10,4,11
0/cs11783146224653226519.png,0,1,8,0,4,50,0,6,11
0/cs11830975452271935855.png,2,0,3,1,0,9,1,5,6
0/cs11664193993299214950.png,2,2,4,3,0,98,4,5,1
0/cs12733748219110453057.png,1,2,1,1,2,85,1,6,7
0/cs1299925017904406428.png,1,0,11,2,3,36,2,9,11
0/cs12667324076854770159.png,1,0,12,0,3,12,8,9,8
0/cs12034920754169389619.png,1,2,13,2,3,56,7,0,11
0/cs11843089244252924027.png,2,0,12,2,0,7,6,4,11
0/cs11867885733254334275.png,2,0,4,1,3,85,4,4,1
0/cs12434923177262646313.png,2,2,1,3,3,90,8,1,2
0/cs12536714420027757146.png,0,1,6,0,3,66,3,2,11
0/cs12133017200430980813.png,2,1,1,2,5,1,4,4,11
0/cs11608331711217460293.png,2,1,12,0,2,31,1,9,4
0/cs12478463411389704988.png,1,2,0,1,3,20,4,6,4
0/cs12136567311896317417.png,2,0,9,3,6,83,3,2,0
0/cs12939043688638820995.png,1,0,1,0,0,78,8,0,11
0/cs12590225564387050739.png,1,2,8,1,4,83,9,8,5
0/cs12054615670264696716.png,0,2,12,3,2,8,8,6,11
0/cs12846383463423509629.png,2,1,3,2,0,20,4,4,10
0/cs12199031930233665345.png,1,0,8,3,6,5,8,0,11
0/cs12946622733146026732.png,1,2,12,1,4,60,7,0,3
0/cs12868729968097100646.png,0,2,5,3,2,47,1,4,11
0/cs12727074534380665929.png,1,2,12,0,0,80,4,5,11
0/cs12782913276421855353.png,1,1,5,2,1,18,9,4,11
0/cs1233227880021118725.png,1,1,3,2,5,0,2,8,11
0/cs12564264784876954944.png,2,2,8,0,2,17,5,5,9
0/cs11958863764589958890.png,1,2,11,3,2,56,2,2,11
0/cs1245769059783960808.png,1,0,3,3,0,38,4,0,4
0/cs11735224120223940374.png,1,1,0,1,3,30,3,3,11
0/cs12747704074036650746.png,1,0,12,3,5,15,10,0,11
0/cs11650029734688892697.png,0,0,12,2,4,37,3,2,8
0/cs1230922393004371554.png,0,0,9,3,2,98,9,0,11
0/cs1190904248743030069.png,1,2,7,0,2,109,6,5,11
0/cs12287129220461669206.png,0,2,1,0,1,25,6,5,8
0/cs12571088123582745045.png,2,2,13,3,6,84,10,1,11
0/cs12008683318668952234.png,1,0,12,2,2,65,0,2,6
0/cs12131519760111161053.png,1,2,4,2,4,82,9,7,10
0/cs11816658405509534945.png,2,1,6,0,3,16,3,9,11
0/cs12566134064805222592.png,1,2,1,1,0,4,0,2,11
0/cs12138925813651833545.png,1,1,2,1,6,86,2,2,11
0/cs12525304844460759154.png,0,0,0,0,3,56,9,5,11
0/cs11516626601055717799.png,0,2,11,3,1,110,4,5,11
0/cs11934131581920794001.png,2,1,9,3,1,91,7,0,11
0/cs12712132816544628012.png,0,1,6,1,6,19,8,6,11
0/cs12891445434657379329.png,1,0,4,3,5,57,7,1,5
0/cs11567157118330848794.png,0,2,1,3,2,44,2,5,0
0/cs12058014451724375566.png,1,0,2,1,1,98,1,3,9
0/cs12666361567416765843.png,0,0,9,1,0,88,4,7,3
0/cs11916294252021613432.png,1,2,10,3,1,44,0,8,2
0/cs12507859346432457575.png,0,2,11,3,2,31,5,8,6
0/cs11839280556413551289.png,0,2,13,0,4,62,0,8,11
0/cs11926676532635014893.png,2,0,1,2,1,23,5,5,3
0/cs11706444930167370534.png,1,0,8,1,6,6,2,8,4
0/cs12787933735764921212.png,2,2,7,0,6,59,2,9,1
0/cs11574105850450411699.png,2,1,4,1,5,22,10,3,11
0/cs125650755767210673.png,2,0,13,1,5,71,6,8,6
0/cs12834893885279148284.png,2,2,12,0,0,59,1,4,11
0/cs12732437856890810222.png,1,0,6,1,0,41,5,1,11
0/cs12627379774807875133.png,0,1,6,2,3,93,7,9,11
0/cs11614518986675784693.png,2,1,9,3,2,39,0,4,5
0/cs12523155437334110445.png,1,2,9,3,6,84,1,7,11
0/cs12209897625756073813.png,0,2,0,3,5,21,0,0,11
0/cs12553804704987960515.png,0,1,2,3,3,50,8,4,2
0/cs12291499615090983629.png,2,2,2,1,6,33,0,1,6
0/cs12333600158673320846.png,2,2,11,1,0,104,6,7,11
0/cs1185777310425323099.png,1,1,13,1,4,50,2,0,5
0/cs12922732597411410552.png,2,0,11,3,3,101,1,8,0
0/cs11643630144547993478.png,0,1,9,2,4,89,0,1,8
0/cs1291342516272083047.png,0,1,2,3,0,75,9,0,10
0/cs12791666940742266635.png,0,0,5,3,3,19,4,4,3
0/cs12094579975633225962.png,2,2,6,1,5,23,7,9,3
0/cs11707796807758687279.png,1,0,9,0,6,17,1,0,11
0/cs12088154753711185790.png,1,1,7,0,0,7,5,7,11
0/cs12418588756456826640.png,1,0,6,0,3,4,2,1,11
0/cs12861812545644299498.png,2,1,6,3,4,89,8,1,11
0/cs12271757120700902733.png,1,0,10,3,4,105,8,2,3
0/cs11707922417838164856.png,1,0,6,1,1,105,6,3,0
0/cs1259292562941004480.png,2,1,11,2,1,45,5,5,8
0/cs11725256350956806088.png,0,1,0,2,2,6,4,2,11
0/cs11521610040326874542.png,0,1,8,2,3,15,0,3,7
0/cs12901125539741543266.png,2,1,3,2,0,64,0,3,7
0/cs11904854254704054288.png,2,1,1,3,4,69,3,2,11
0/cs11752365931552981899.png,2,1,12,2,0,47,6,8,11
0/cs12284808893242720951.png,2,0,10,2,5,74,7,4,7
0/cs12288807497962978114.png,0,1,1,0,5,43,2,8,11
0/cs12186748835650743337.png,0,0,11,1,1,104,7,3,11
0/cs11740161572648765171.png,0,1,8,1,6,19,6,1,7
0/cs11641125795232557709.png,2,1,4,2,1,22,2,7,11
0/cs11570107509747679492.png,0,0,7,1,5,18,8,7,11
0/cs12997131481150739732.png,1,0,5,0,0,42,7,2,5
0/cs11869724838304623384.png,0,0,7,2,5,101,10,7,11
0/cs12785180263682674827.png,2,1,0,1,0,29,10,6,11
0/cs12415724913036140925.png,2,2,13,3,1,27,8,7,0
0/cs12701579518493227738.png,1,1,5,1,2,8,5,0,11
0/cs12317290622611779759.png,1,2,1,0,6,93,8,5,11
0/cs12659312063832836947.png,1,1,3,3,3,92,4,5,6
0/cs12614887511084808308.png,0,2,7,3,3,55,8,4,0
0/cs12764720513650286964.png,0,1,2,0,3,46,3,9,5
0/cs12480157713701695883.png,0,1,9,3,2,106,9,5,4
0/cs12503265062174355290.png,2,2,11,0,2,27,4,5,11
0/cs12929060590315766064.png,0,2,5,1,5,103,7,7,11
0/cs11534142716896444599.png,0,1,2,2,4,16,4,1,6
0/cs12362679814573568689.png,2,1,4,0,6,87,9,5,11
0/cs12396841962543946171.png,1,1,10,3,3,104,1,5,4
0/cs12428431415018047607.png,0,2,2,3,4,53,9,1,11
0/cs11751090141517766120.png,0,1,5,3,0,92,0,9,10
0/cs12333305694798892390.png,0,1,4,2,3,66,6,7,9
0/cs1177238382021813490.png,2,0,3,2,0,7,6,2,11
0/cs12592304101179305295.png,1,2,8,3,0,63,2,5,4
0/cs12396455398095228293.png,0,1,10,1,0,53,8,0,11
0/cs12371148671522190533.png,2,2,6,3,2,41,6,3,11
0/cs12503729838862022078.png,1,2,0,1,6,14,8,4,9
0/cs12863604283493041089.png,2,1,3,1,0,7,8,1,0
0/cs12591880223618662014.png,0,2,13,1,4,28,9,1,11
0/cs11935583816608273980.png,1,2,2,3,2,31,2,2,11
0/cs12592356579564854171.png,1,1,8,2,0,60,2,9,11
0/cs12635408652164560627.png,1,0,7,1,2,5,9,4,9
0/cs1169547162625570690.png,1,2,5,2,2,57,5,1,11
0/cs12705425998618860831.png,2,2,4,2,4,1,7,1,2
0/cs12209914525935639395.png,2,2,13,1,1,19,7,2,11
0/cs12463566694818684788.png,2,1,2,2,6,52,2,1,3
0/cs12627580252300112146.png,1,0,1,3,1,65,6,7,6
0/cs12813263201850756163.png,2,1,10,3,6,98,9,4,11
0/cs12670652725747387744.png,1,2,9,1,6,66,4,4,7
0/cs12353177020494347948.png,1,2,12,1,0,14,3,6,11
0/cs11591567783971900042.png,0,2,7,0,3,48,9,0,11
0/cs12083460679557579021.png,2,1,10,2,3,77,1,6,11
0/cs1167252539259648792.png,0,1,1,1,6,84,0,5,2
0/cs12734137976606018503.png,1,0,0,3,6,18,6,8,11
0/cs11878626303432888698.png,0,1,13,2,0,36,3,2,11
0/cs1205979555880827496.png,2,1,2,1,6,12,10,1,11
0/cs11725604652435567790.png,2,2,3,3,6,101,3,1,11
0/cs11689663800436122441.png,1,0,0,2,5,62,7,6,11
0/cs12237056762721760151.png,2,2,11,2,6,33,10,4,8
0/cs12788608142154711125.png,2,2,7,2,2,35,3,4,11
0/cs1279205330462331534.png,1,2,6,0,5,54,7,6,11
0/cs12285108007281856320.png,2,2,4,1,2,44,7,9,11
0/cs11514583171573117670.png,0,0,7,0,4,8,6,1,11
0/cs12156464584771120505.png,0,1,12,1,1,13,5,5,11
0/cs12869774513320590129.png,0,2,13,3,4,74,7,2,10
0/cs11772461177239951051.png,2,1,9,2,0,47,1,5,11
0/cs1195409513787298761.png,0,1,3,3,3,11,1,2,6
0/cs12910586393495342322.png,0,2,0,3,0,30,5,7,2
0/cs12356260034392870879.png,0,2,12,2,0,32,8,6,9
0/cs11506615688397828623.png,0,2,6,0,2,29,2,6,11
0/cs12037255378064846906.png,1,0,10,3,6,76,1,0,11
0/cs12172488741944689541.png,0,0,13,0,5,20,9,7,11
0/cs12107971646539876549.png,1,2,2,2,0,92,10,2,11
0/cs11660081848565419262.png,1,2,4,3,4,57,0,0,11
0/cs1212504926311706554.png,2,1,2,0,4,36,5,6,11
0/cs12523757065794136207.png,0,1,11,1,3,31,9,8,7
0/cs12665136299703752438.png,0,1,5,0,5,109,3,1,11
0/cs12358474993503995563.png,2,0,10,1,2,19,10,6,11
0/cs12048128465913692783.png,2,1,10,0,0,78,8,8,9
0/cs12369768438149900679.png,1,0,7,1,0,98,1,2,11
0/cs12531978679651588477.png,2,0,6,3,5,102,7,5,11
0/cs11870012051556552095.png,2,2,1,1,1,36,10,5,0
0/cs12451270884900357344.png,2,2,4,3,3,55,10,5,10
0/cs11756282850216854999.png,2,2,11,3,1,57,2,5,11
0/cs12976804135022911495.png,1,1,4,3,0,44,2,4,10
0/cs12819300039840503707.png,0,1,4,3,3,49,5,3,11
0/cs12832405826255036458.png,1,2,12,3,1,5,6,5,11
0/cs12203017412683326276.png,0,2,3,2,3,72,10,6,11
0/cs12901886394826571491.png,0,1,0,0,5,56,3,2,11
0/cs12460593840572868124.png,1,2,6,2,2,2,5,9,2
0/cs12228500367263073357.png,0,0,0,2,4,103,8,6,11
0/cs12660530300154958954.png,2,1,0,1,6,16,3,8,10
0/cs11967510218658492137.png,1,1,12,0,0,66,7,3,9
0/cs12755058908324995522.png,2,1,5,0,0,104,8,0,1
0/cs12292702384831054250.png,0,2,10,0,5,1,6,4,11
0/cs12502477854834195780.png,1,2,4,2,1,69,4,8,7
0/cs12438329087914600409.png,1,0,7,3,4,92,10,7,11
0/cs12413665635794952214.png,2,0,9,0,0,50,8,2,6
0/cs12315843054439308844.png,1,2,10,3,0,95,10,4,10
0/cs11896337144258654336.png,2,1,8,3,6,109,4,9,11
0/cs12898413534537065862.png,2,2,9,1,3,16,1,9,8
0/cs12605419497905184780.png,1,2,10,1,2,51,9,5,0
0/cs12259938547329839374.png,2,0,10,3,6,71,9,1,11
0/cs11988653493173048475.png,0,1,2,3,6,32,4,3,2
0/cs12704634224565035367.png,1,2,10,2,1,68,7,1,6
0/cs12798656025809280703.png,2,0,9,1,5,11,8,4,6
0/cs1160538532879864255.png,0,1,0,1,5,42,7,9,9
0/cs12562474334977225587.png,1,0,0,0,6,76,2,7,6
0/cs12254537015432046425.png,0,0,9,0,0,58,9,6,11
0/cs1162249903171417422.png,2,0,13,0,5,35,9,6,11
0/cs12056385451384598903.png,0,1,0,2,1,11,1,2,11
0/cs11882080528887587748.png,1,1,9,0,6,13,5,2,11
0/cs11672492038431499000.png,0,0,8,2,6,45,0,3,11
0/cs11731777659452767448.png,2,1,4,2,5,62,2,7,11
0/cs1165833179988717257.png,0,0,10,1,5,23,8,0,7
0/cs12944935832757695031.png,1,1,6,0,3,66,6,4,11
0/cs11687046041831224306.png,2,0,8,0,0,64,4,1,8
0/cs11546295711977161737.png,0,2,10,3,3,16,7,5,11
0/cs12214383877186950949.png,0,1,6,1,0,103,4,9,1
0/cs12121138535337523632.png,0,0,6,1,6,38,10,0,11
0/cs13006882622877514260.png,1,1,8,1,3,10,1,4,11
0/cs12324998777632313695.png,2,0,10,2,1,76,9,0,0
0/cs11981351611715682857.png,1,2,10,2,3,65,6,0,11
0/cs11737310449124244288.png,1,0,10,1,2,64,4,7,3
0/cs11700359702391651348.png,0,2,3,2,4,37,4,6,9
0/cs12115843178317248166.png,0,2,12,1,1,4,6,7,5
0/cs12119225997915487087.png,0,0,11,1,6,61,9,0,1
0/cs12180857725588157392.png,2,1,8,3,5,1,5,5,11
0/cs12655531541190218303.png,2,1,10,1,0,27,1,0,0
0/cs13000610212241364984.png,0,2,7,0,2,7,5,2,9
0/cs12276126737713759457.png,2,1,11,3,5,39,10,7,2
0/cs12953876125521910131.png,2,1,1,1,4,87,9,4,4
0/cs11828392661963913380.png,0,0,6,0,1,102,0,3,11
0/cs11544336237167860707.png,0,0,5,0,2,51,4,3,2
0/cs12524371656816460035.png,0,1,3,3,0,12,5,5,11
0/cs12923212245855752448.png,0,2,0,1,3,60,6,1,4
0/cs12522245005975011872.png,2,0,13,2,5,67,10,2,11
0/cs12316529455013439220.png,2,1,6,1,4,93,6,4,6
0/cs11764169571448405925.png,0,0,5,1,1,29,0,0,11
0/cs11832691832350370717.png,1,1,9,0,2,14,2,5,5
0/cs12071493788804614162.png,0,1,11,3,6,71,4,2,7
0/cs12398624891630725116.png,2,1,10,1,4,39,7,0,11
0/cs12593600051382544811.png,1,0,4,1,3,110,2,3,11
0/cs12884528315483405543.png,2,2,0,2,2,42,6,9,0
0/cs12386181366399206453.png,2,1,12,2,6,2,4,4,11
0/cs11614770255251668477.png,0,2,6,1,4,95,4,2,11
0/cs11687286095794794140.png,1,0,6,2,3,105,10,8,11
0/cs12253303613723493423.png,2,0,0,1,1,107,2,9,8
0/cs12724173630493408503.png,0,0,9,3,4,41,6,6,11
0/cs12399725087408030244.png,0,1,4,0,5,53,10,1,11
0/cs1266248417955007704.png,1,1,3,0,3,77,0,3,11
0/cs11938078737070113874.png,0,1,6,0,3,20,10,4,11
0/cs11869655581012647694.png,0,0,9,0,5,1,9,9,4
0/cs11873557399704516627.png,1,2,7,3,5,98,3,4,11
0/cs12481417373126364880.png,1,2,0,0,1,69,8,4,0
0/cs11676461358901751487.png,2,2,8,1,6,82,0,7,6
0/cs12079573814843055464.png,1,1,5,2,0,105,3,6,6
0/cs12915207639538699291.png,2,2,10,2,5,36,10,9,11
0/cs11564733962081122013.png,0,0,6,1,5,108,1,9,5
0/cs12594650423857137573.png,0,1,3,2,6,28,5,1,11
0/cs12168561620345089011.png,1,1,11,1,0,20,7,1,9
0/cs1285247088970783564.png,0,1,1,1,2,68,1,0,11
0/cs12663302036568141112.png,0,1,1,1,6,81,9,5,3
0/cs11558812636848417661.png,0,0,12,0,1,48,9,3,6
0/cs12374694387065491040.png,0,1,4,0,1,17,0,4,11
0/cs12585115931847693073.png,2,2,6,2,4,67,9,3,2
0/cs12304333035352318769.png,1,0,13,1,3,10,10,6,9
0/cs12004127025397698888.png,0,2,6,3,1,9,1,3,8
0/cs1260828335535167332.png,1,0,11,0,3,32,0,8,11
0/cs12487181848143658422.png,2,2,3,0,3,62,3,1,11
0/cs13008734146541458665.png,1,2,7,2,0,13,2,3,11
0/cs1295466868809807152.png,2,2,2,1,2,32,5,7,11
0/cs12704941219806210230.png,1,0,7,1,2,59,2,0,11
0/cs12922710792647317632.png,0,2,1,0,1,11,8,6,10
0/cs12453356718615789636.png,0,0,8,1,0,77,8,5,8
0/cs12090249282230198532.png,1,0,7,0,4,79,2,4,11
0/cs12287940857836470853.png,2,1,0,3,6,42,9,0,2
0/cs12910860988796086293.png,1,1,7,1,6,48,6,6,9
0/cs12705643430116766403.png,2,0,6,3,3,82,2,3,11
0/cs11671339626379065271.png,0,2,4,0,3,40,0,2,3
0/cs1183159017906566857.png,2,1,8,3,3,97,8,5,6
0/cs12765703292311948166.png,2,2,13,2,6,36,5,9,11
0/cs12949757569737962679.png,1,2,8,3,0,88,4,9,1
0/cs11888243734430256956.png,1,0,12,0,0,47,9,1,11
0/cs1199744479783682678.png,0,0,3,0,3,110,8,8,11
0/cs12716436059276436996.png,2,2,10,2,3,75,7,4,11
0/cs121725746906097086.png,0,2,8,1,1,77,1,8,4
0/cs12656213791677818808.png,1,2,13,3,3,33,3,2,11
0/cs11780366754222728346.png,0,2,12,0,2,71,9,9,11
0/cs11993838256719868777.png,1,0,8,1,0,61,6,5,2
0/cs12992037622585918140.png,2,2,6,3,5,109,2,4,11
0/cs11699227238975765569.png,0,0,6,1,5,86,1,5,11
0/cs11812799954334903339.png,2,0,0,3,1,88,10,2,11
0/cs12955880726357179486.png,1,0,3,1,5,20,8,1,8
0/cs12550846805914283572.png,1,1,2,3,0,55,7,6,0
0/cs11604889932619382434.png,0,1,0,2,0,63,3,0,11
0/cs12077025778495117525.png,2,2,12,2,2,41,10,3,11
0/cs11694645556103009357.png,2,1,11,3,6,59,5,3,2
0/cs11528060187370586471.png,1,0,1,1,0,28,8,4,11
0/cs12976222622472774699.png,0,0,11,0,3,12,5,8,10
0/cs12701845675650636698.png,1,0,11,0,4,41,2,2,11
0/cs11695605729982028064.png,1,1,7,2,0,55,4,1,11
0/cs1185113250733125689.png,2,2,5,3,4,80,9,6,11
0/cs11644132208179146954.png,2,1,4,2,1,38,0,2,5
0/cs1221865451970123882.png,0,1,6,3,5,43,0,7,11
0/cs12298023039536026322.png,2,0,5,3,5,40,10,1,11
0/cs1242605243480735022.png,2,2,12,2,3,17,10,0,11
0/cs12305992896570287585.png,1,2,12,2,6,7,3,4,11
0/cs11848801556119897504.png,0,1,7,2,0,48,8,7,8
0/cs12640029571851524215.png,2,2,7,3,0,9,10,1,11
0/cs11809553102981944853.png,0,1,12,3,3,19,5,5,11
0/cs12646428637041288451.png,0,0,7,1,2,60,6,8,11
0/cs11841936618266862271.png,1,0,3,1,2,62,7,8,11
0/cs1197553576221761092.png,1,2,13,3,0,107,9,4,11
0/cs12714127386800979022.png,1,0,8,1,0,73,7,1,8
0/cs12553192549914389521.png,2,2,12,2,6,26,2,5,11
0/cs12155106324769060239.png,0,0,7,3,2,61,9,7,11
0/cs11902205541107477163.png,1,2,6,1,1,101,3,7,11
0/cs11858873634177836679.png,0,2,9,0,0,88,0,4,11
0/cs12688373289917540798.png,2,1,9,0,3,41,7,2,11
0/cs12558266059204270927.png,0,0,6,1,2,39,4,0,10
0/cs12785911719324552891.png,0,0,6,3,0,13,8,2,4
0/cs12414456813881944632.png,0,0,11,2,3,91,8,3,11
0/cs11622404698929467117.png,0,2,0,3,2,99,7,7,11
0/cs12393267675582312390.png,1,1,5,2,1,22,6,4,6
0/cs12019245832197369323.png,0,1,11,1,0,85,8,4,11
0/cs12517482340856003380.png,1,1,13,1,4,33,2,6,7
0/cs11966859308812695189.png,1,0,2,0,6,38,5,7,11
0/cs11592347960850357810.png,0,2,8,2,1,91,1,0,2
0/cs12651908254193983294.png,0,0,3,3,1,57,6,9,2
0/cs11725281067212682641.png,1,0,11,0,0,57,6,7,11
0/cs12299631104096215842.png,2,1,8,2,1,79,10,2,9
0/cs1212106706731408957.png,2,2,8,0,6,108,1,2,0
0/cs12755948687998867424.png,2,1,9,2,1,96,0,7,4
0/cs12005849956189185059.png,2,1,6,2,0,73,4,3,11
0/cs12836484737711745080.png,1,1,0,3,3,6,4,7,11
0/cs12830982760884761239.png,2,0,13,3,2,26,4,2,11
0/cs13004565263524068898.png,2,2,13,0,5,99,2,5,11
0/cs12683966839621658910.png,2,2,8,3,0,109,0,0,11
0/cs12667265239936834202.png,1,2,0,0,2,19,0,2,8
0/cs12785782543848065134.png,2,2,0,2,0,39,3,1,9
0/cs12319223842107602116.png,0,0,0,1,2,69,9,3,11
0/cs12801848807125532650.png,1,2,5,0,4,82,5,3,9
0/cs11599741776086529459.png,2,2,0,3,2,19,5,4,11
0/cs12833359344537674783.png,1,0,7,0,0,19,8,0,1
0/cs12085868461337979680.png,0,0,2,2,6,73,5,5,11
0/cs12153042030253664698.png,2,1,11,1,6,38,8,1,6
0/cs12479508307555242067.png,2,1,0,3,0,33,7,9,11
0/cs12159291425623403713.png,2,2,5,0,1,102,6,4,6
0/cs12548318354559412082.png,1,0,13,1,2,90,6,0,3
0/cs12795074894301940156.png,1,1,10,0,3,46,9,0,11
0/cs1229916804896605951.png,0,0,13,1,6,35,3,5,1
0/cs12011453102419868683.png,1,1,6,1,2,101,2,8,11
0/cs12712813971483633341.png,1,2,11,2,0,82,10,2,11
0/cs11776362375707963630.png,0,1,0,0,2,16,0,1,11
0/cs12847138452169967877.png,1,2,11,1,1,58,9,5,3
0/cs11784180804847219533.png,2,0,10,0,4,71,1,7,11
0/cs11593410579230642764.png,1,0,6,0,3,26,9,1,6
0/cs12720748484804802726.png,2,2,13,2,0,11,3,6,11
0/cs12971684279473781603.png,1,2,0,2,0,47,10,9,11
0/cs12247767120204960982.png,2,0,5,3,4,69,1,3,11
0/cs12112689672881943271.png,2,1,9,0,3,91,7,7,10
0/cs11766269475802035556.png,0,1,13,0,0,44,3,9,11
0/cs12586302949242502818.png,0,0,12,0,1,60,3,1,11
0/cs12515906306106101078.png,0,1,2,3,6,8,5,9,1
0/cs11840570922816303941.png,2,1,12,0,6,87,7,0,5
0/cs12031244437458455490.png,1,0,9,2,0,63,7,2,11
0/cs12947832073696604966.png,2,0,13,3,0,110,7,1,5
0/cs11617754777823675195.png,2,1,1,1,6,110,1,0,11
1/cs14363846514836842618.png,2,2,4,0,0,85,5,9,11
1/cs1338782268499888483.png,1,0,11,0,4,105,10,4,5
1/cs14271778853743514222.png,1,2,0,2,1,59,2,8,5
1/cs14402749565740403479.png,1,1,7,0,5,51,6,5,11
1/cs1360835796306725188.png,0,1,3,2,1,52,3,4,1
1/cs1402911525769456488.png,0,2,11,2,6,2,8,2,11
1/cs13190705877375985073.png,2,0,2,2,2,31,4,2,6
1/cs13672101927059942954.png,1,1,12,2,3,87,4,3,11
1/cs14511476387069417243.png,2,0,4,1,1,109,8,8,11
1/cs14393524493394026211.png,2,1,3,1,0,86,3,3,11
1/cs13679509402494882728.png,2,1,4,0,0,3,3,9,11
1/cs13089586729677018069.png,0,2,8,0,2,43,5,4,11
1/cs14178458454750932825.png,0,0,5,1,1,40,7,3,3
1/cs13206671753905095609.png,1,2,11,1,5,17,3,4,6
1/cs14177338272059285354.png,0,1,11,3,3,15,10,0,7
1/cs1376301214957803851.png,0,2,10,3,3,79,0,2,11
1/cs13291417436895173608.png,0,0,1,2,3,99,5,7,9
1/cs13929868350546922161.png,2,0,5,0,0,89,10,5,5
1/cs13892333694954740798.png,1,2,7,0,4,40,5,6,11
1/cs142027289136508487.png,2,2,7,2,2,103,0,2,1
1/cs14439732284779512601.png,1,2,0,0,6,4,2,1,11
1/cs13993786898571733550.png,2,1,10,3,1,9,0,8,0
1/cs13752676300243791786.png,0,1,2,1,0,88,9,8,11
1/cs13161116862503332415.png,1,0,6,3,6,86,3,2,8
1/cs13858844294864005914.png,0,1,9,3,0,57,6,6,6
1/cs13269561136778929121.png,2,1,5,2,5,37,0,8,9
1/cs13846502241132058923.png,1,0,5,1,0,101,3,8,9
1/cs13815652336759360786.png,2,1,1,2,1,108,8,3,11
1/cs13713456350276765537.png,0,0,7,3,2,78,4,4,11
1/cs13956243352077625548.png,2,2,8,2,4,85,3,2,11
1/cs13631201087340580229.png,2,1,9,2,2,105,0,7,9
1/cs13522426965186211592.png,0,0,12,1,1,36,9,8,11
1/cs13487262388697347502.png,2,0,7,3,2,62,4,8,11
1/cs13270964506365669866.png,0,1,0,0,2,37,6,5,11
1/cs13633694915447753314.png,2,0,3,2,5,36,9,9,11
1/cs13311427622151225615.png,0,1,13,1,2,86,4,1,11
1/cs13215876619883297910.png,0,2,4,3,4,28,8,5,11
1/cs14134693706318362231.png,2,1,4,3,2,105,1,6,2
1/cs13225152508840726963.png,1,2,7,0,5,46,1,1,11
1/cs13855588835333876459.png,1,1,7,1,2,24,9,6,11
1/cs13616921846546091707.png,1,2,6,3,3,0,0,7,11
1/cs13414360127171980237.png,0,0,13,1,4,68,0,0,11
1/cs14074865382746445509.png,1,1,2,1,5,91,4,7,11
1/cs13970927878813897931.png,2,2,7,3,0,85,9,5,9
1/cs14039059705667570430.png,0,2,0,2,4,109,6,2,11
1/cs13604415775564988615.png,2,1,13,2,1,61,7,6,10
1/cs13088228523403744989.png,2,2,7,2,1,38,0,1,7
1/cs13111720121702689914.png,2,0,6,3,6,13,10,1,8
1/cs14007119103692994950.png,1,2,9,0,1,24,0,1,11
1/cs1317267862389077995.png,2,2,10,2,5,91,6,7,11
1/cs14124116300737712686.png,0,2,11,3,4,40,2,7,2
1/cs13674367314621011600.png,1,0,5,3,4,102,6,9,0
1/cs13795339605371176194.png,2,0,10,3,6,84,8,5,11
1/cs13164206827487994226.png,1,2,13,2,0,56,7,1,11
1/cs13543018726611133205.png,0,1,7,3,0,76,0,9,11
1/cs13392174863414195545.png,2,0,13,0,3,66,4,7,11
1/cs13853723717911812354.png,1,0,10,3,2,98,7,3,11
1/cs1450833107812845599.png,2,1,2,0,3,38,8,7,11
1/cs14489461818659645311.png,0,2,1,1,5,14,2,4,11
1/cs13676580362573324261.png,0,0,1,2,1,97,6,8,0
1/cs13811837903956556167.png,0,2,9,0,4,107,7,8,3
1/cs13345890697116391029.png,0,2,10,2,4,70,9,7,4
1/cs13457950698772118567.png,2,0,10,0,6,61,3,8,11
1/cs14045934037528106021.png,0,0,8,3,2,24,1,2,0
1/cs13278864619369418654.png,1,2,5,1,3,40,3,2,5
1/cs13349508435410297431.png,1,1,4,3,0,97,0,3,6
1/cs14510366847074802542.png,1,1,4,0,0,76,6,7,11
1/cs13054614990266852997.png,2,2,11,1,5,50,7,2,9
1/cs13150855331969385493.png,0,2,5,2,1,45,0,8,3
1/cs14137487589253526183.png,1,0,9,0,1,29,5,4,9
1/cs1402271315318798388.png,2,2,13,3,5,55,5,7,3
1/cs14229157290862760391.png,1,0,9,0,4,53,3,9,11
1/cs14209903003659350579.png,2,2,0,3,5,49,5,5,2
1/cs14077322577486392548.png,2,0,1,2,0,53,7,6,7
1/cs133543080433526105.png,2,0,3,0,6,61,2,9,11
1/cs1432169573790588358.png,2,2,6,1,4,26,2,9,11
1/cs14496171367526426593.png,0,1,11,2,4,20,10,3,3
1/cs13834083691865811583.png,1,2,11,3,3,19,9,9,11
1/cs13263761246802516665.png,1,1,12,3,5,55,10,9,1
1/cs13750548163773357453.png,0,2,11,2,2,47,0,8,11
1/cs13643324880399036681.png,1,0,5,0,0,3,8,8,11
1/cs1417041560541516981.png,0,1,8,0,4,92,8,7,2
1/cs13487979031096385722.png,0,2,7,0,4,106,6,2,11
1/cs14028049347897771971.png,0,0,13,1,4,63,3,5,9
1/cs13194853414175551241.png,2,1,9,3,1,66,6,7,11
1/cs14337588290487421030.png,2,1,7,2,4,42,0,9,1
1/cs13125790344724723495.png,1,2,8,1,5,16,6,8,11
1/cs14006298357265329847.png,1,0,1,0,5,33,2,9,11
1/cs13911936833965728861.png,1,0,7,3,3,67,9,5,11
1/cs14483224925251052481.png,1,2,10,3,6,68,6,6,4
1/cs13662826268199034916.png,1,2,5,1,6,15,2,9,5
1/cs13762665469560818303.png,2,0,1,1,0,9,0,8,11
1/cs14108733995141166049.png,2,2,2,2,6,48,1,7,11
1/cs13183044443674601591.png,0,1,1,2,1,68,4,4,11
1/cs13347974636554110769.png,1,1,9,0,5,60,6,1,11
1/cs13496589282459984739.png,2,0,4,2,6,89,0,5,11
1/cs14029008357116409372.png,2,1,2,0,4,50,4,2,6
1/cs13727638682435978818.png,1,0,2,3,1,13,8,5,3
1/cs13909625049347764684.png,1,1,11,2,0,52,4,6,11
1/cs14141131025845381663.png,0,2,1,1,0,58,2,2,0
1/cs14374278840687736284.png,2,0,11,0,0,15,4,4,8
1/cs14086049402375899027.png,1,1,13,1,3,50,6,2,5
1/cs13655781065343665555.png,0,1,2,3,5,62,7,9,2
1/cs14177734024409461925.png,2,1,13,3,3,62,7,6,9
1/cs13648616708471826164.png,2,1,10,1,2,2,3,3,11
1/cs14096131343173506369.png,0,0,9,0,5,57,10,4,11
1/cs14469218323257370232.png,1,1,11,0,5,59,1,3,11
1/cs14445585731217062149.png,2,0,3,1,6,105,4,1,1
1/cs13200713262228317213.png,2,1,5,2,2,55,1,3,0
1/cs13689828326777049462.png,1,0,5,3,1,97,1,5,1
1/cs13857015431452551013.png,0,1,6,2,0,41,8,3,11
1/cs13165619104471574374.png,2,1,6,1,3,104,2,2,1
1/cs14329196448810182536.png,1,0,1,1,1,89,6,6,11
1/cs14318470729661181067.png,1,0,5,0,0,44,7,5,10
1/cs14293216984656579757.png,0,2,0,1,1,104,1,4,11
1/cs13287794775914086649.png,0,2,12,0,2,93,1,8,11
1/cs13307753838811515342.png,0,1,8,3,3,81,2,5,3
1/cs139902253144108388.png,1,1,4,1,6,104,10,6,0
1/cs14419565979515503878.png,0,0,12,3,4,67,8,2,11
1/cs13375195786368382960.png,1,0,0,3,4,74,4,0,11
1/cs13532192561829830019.png,0,2,9,2,3,49,3,6,11
1/cs13116617978526913130.png,0,2,1,2,4,29,6,3,6
1/cs13439006096230730187.png,0,0,0,2,3,56,1,3,8
1/cs13651460079646965340.png,2,2,0,1,2,11,4,7,11
1/cs13669815671389691020.png,0,1,7,1,5,52,7,0,1
1/cs13687947053800029443.png,0,0,9,3,2,20,5,9,0
1/cs13718917135034385824.png,1,0,8,1,2,35,3,3,11
1/cs14409130420005037486.png,2,0,9,1,2,94,1,8,11
1/cs14465537635602500304.png,2,2,3,0,0,103,7,6,3
1/cs14322310516307657597.png,2,2,2,3,3,45,7,1,8
1/cs14409601949048027997.png,0,0,3,2,2,98,0,1,10
1/cs13342012721065446817.png,1,1,5,0,5,29,8,5,11
1/cs13109606682715285440.png,0,2,1,3,6,87,0,6,11
1/cs13091116841173263698.png,0,0,10,0,3,32,2,1,7
1/cs13118251519382943851.png,1,2,9,0,6,75,10,2,6
1/cs14500103481633432251.png,1,0,2,1,0,103,5,5,0
1/cs13336076674540793071.png,2,2,3,1,2,4,0,5,11
1/cs13351556730712478308.png,2,0,6,0,6,27,0,0,2
1/cs13289641071690214856.png,2,2,10,2,1,24,4,5,5
1/cs13788147176131601136.png,0,0,9,0,6,52,10,1,11
1/cs1358115047201471094.png,0,2,8,3,2,88,7,5,11
1/cs14491273498974030738.png,1,0,4,1,3,102,3,6,11
1/cs13100997805586156968.png,2,1,8,3,1,102,3,6,1
1/cs13017296274597408648.png,0,0,10,1,6,43,4,9,7
1/cs14013669941299796081.png,1,1,3,0,0,3,6,4,6
1/cs13278177062007646981.png,0,1,8,3,1,98,9,6,11
1/cs14125458537537721519.png,2,2,13,3,3,93,4,9,4
1/cs13499892224424363987.png,2,1,6,0,0,35,6,1,11
1/cs14074114381833562442.png,2,2,2,2,4,93,8,7,7
1/cs14199253515566072219.png,0,2,10,3,0,89,7,1,1
1/cs13815899701244080607.png,0,1,12,1,0,56,3,6,11
1/cs13636014253357828742.png,1,1,3,1,6,42,7,0,11
1/cs13436174592791584620.png,2,0,10,2,5,45,7,8,7
1/cs14486488259278508897.png,2,0,1,3,4,101,6,8,11
1/cs13411564354468925636.png,2,0,6,0,4,12,10,0,11
1/cs13146839374383342452.png,1,1,5,2,4,14,4,5,2
1/cs13156643736345599473.png,0,2,6,1,0,93,4,6,11
1/cs13720061740417231953.png,0,0,0,2,2,94,3,8,10
1/cs13594216529558740306.png,2,0,1,1,3,70,5,5,0
1/cs13576966432074394855.png,1,2,8,1,4,24,8,0,7
1/cs14366335411461244891.png,2,0,5,1,0,41,6,1,11
1/cs14461316982179691631.png,2,1,8,1,3,24,6,3,11
1/cs1327139206364993043.png,0,2,5,1,1,62,9,2,11
1/cs13476230551992685428.png,2,1,4,0,4,23,8,4,11
1/cs13578111238249368089.png,0,0,13,3,5,45,3,5,11
1/cs13852423596278180151.png,2,2,3,3,2,69,7,5,8
1/cs13873932517623032797.png,2,0,1,3,2,70,10,9,11
1/cs13340527544846967498.png,0,0,4,1,1,74,4,1,11
1/cs14042075236358019306.png,1,2,2,3,3,110,7,6,4
1/cs13762075701163408519.png,0,2,1,0,5,26,10,2,9
1/cs13305716446324105691.png,2,2,0,3,0,71,1,3,0
1/cs13709432705925661131.png,0,0,3,1,4,32,10,5,4
1/cs13415478006420448859.png,2,1,13,2,6,48,8,9,4
1/cs13407454834633097388.png,2,1,8,3,6,90,8,1,3
1/cs13521033018700133586.png,1,0,4,1,2,102,7,1,11
1/cs13958118663249472314.png,2,1,11,0,2,74,7,7,11
1/cs13885037322283772095.png,1,0,13,3,2,86,9,9,0
1/cs13656720882525105679.png,0,0,12,3,4,10,7,2,7
1/cs14325176091319392944.png,0,2,5,1,3,69,6,8,2
1/cs14180263465871666730.png,0,0,8,2,2,108,6,3,11
1/cs1419443286019464323.png,0,1,10,0,4,83,8,9,2
1/cs14459020412799035381.png,0,2,6,0,6,105,9,2,11
1/cs14253961337995651400.png,0,1,3,2,6,45,1,3,5
1/cs1344022245061163737.png,1,1,7,2,4,9,5,6,1
1/cs13475119483387931328.png,2,0,8,2,1,2,7,6,11
1/cs14276375425381394270.png,2,2,4,2,2,69,9,5,3
1/cs1380142177918515066.png,0,1,4,1,3,87,10,1,11
1/cs13238360788152022318.png,2,2,5,0,3,36,9,4,5
1/cs13035350692186675833.png,2,1,6,3,4,93,4,4,0
1/cs13774116893418722833.png,2,0,6,3,5,69,0,3,11
1/cs14249264354718195542.png,2,1,2,2,4,52,0,5,11
1/cs1319688524984241313.png,0,2,7,3,6,85,1,7,10
1/cs13965222430702285062.png,2,2,13,1,1,83,2,1,10
1/cs13159068259953262113.png,2,1,0,3,1,5,2,2,3
1/cs13525454414095068584.png,0,0,9,0,4,8,5,3,7
1/cs14224431476465133816.png,0,2,12,3,2,52,5,7,11
1/cs13973552345566309302.png,1,0,2,2,1,26,3,2,11
1/cs14025329617012172047.png,2,1,6,1,4,51,4,3,0
1/cs13763746417234102091.png,2,2,2,2,3,38,5,0,10
1/cs14063973231884291522.png,2,0,13,3,2,58,5,1,5
1/cs13608764330000944543.png,2,2,4,1,2,109,7,1,11
1/cs13031350601764929052.png,2,0,2,2,6,16,6,7,11
1/cs14504222495980524683.png,2,2,11,3,1,69,2,7,11
1/cs13948360961239475211.png,2,0,5,1,4,62,4,6,11
1/cs13512642469579799858.png,0,2,12,0,0,21,1,4,5
1/cs1365188477143480426.png,0,0,5,0,4,103,5,9,11
1/cs13384503634481604741.png,2,1,1,0,3,46,10,5,11
1/cs13600160162873047826.png,0,2,6,1,1,105,1,8,11
1/cs13884474835362976096.png,0,1,1,2,2,7,6,5,7
1/cs13482509695350200015.png,0,0,5,0,2,19,1,0,3
1/cs13978322285980427355.png,1,0,12,1,0,55,10,0,11
1/cs14475322598793755151.png,2,2,4,3,2,34,0,6,3
1/cs13242086130558084167.png,0,0,5,3,5,37,6,5,11
1/cs13306289929503624266.png,2,1,12,1,1,109,1,9,3
1/cs14407765905187220978.png,2,1,11,2,6,64,8,7,11
1/cs13297723086731772251.png,1,2,12,3,5,91,5,4,11
1/cs1364251421921916773.png,1,1,0,2,6,40,1,8,5
1/cs14272374276480449293.png,2,2,1,0,1,29,2,1,11
1/cs13042392931480484361.png,2,0,0,1,4,57,3,2,11
1/cs13083911742472408854.png,1,0,2,3,1,46,2,0,11
1/cs14198577360386334820.png,1,1,8,2,1,0,7,7,7
1/cs13793569471063981881.png,0,2,9,0,3,94,4,9,9
1/cs1436981933885223408.png,1,1,9,2,6,90,1,2,11
1/cs13426245539136912434.png,2,0,5,1,4,4,7,9,11
1/cs13038049039485361763.png,1,2,9,3,6,22,1,9,11
1/cs13011360942620710975.png,2,1,8,0,5,65,3,4,11
1/cs13157662819125006088.png,2,2,6,0,1,88,1,7,11
1/cs13622314425761513268.png,1,1,12,2,0,30,9,2,11
1/cs14102466087706527053.png,0,0,9,0,2,109,10,4,9
1/cs13068514818723410761.png,2,1,2,2,5,88,5,5,11
1/cs13689501281234958529.png,0,0,10,3,6,33,6,7,11
1/cs13467976408395064841.png,0,2,5,2,2,53,4,1,0
1/cs13440845074018689360.png,0,0,9,2,6,92,0,7,10
1/cs14276487509037169577.png,0,2,10,1,0,52,4,5,9
1/cs13549852659986373858.png,0,2,12,3,4,87,8,5,11
1/cs13060928794191469932.png,0,0,13,3,3,6,8,8,11
1/cs13050700945725096162.png,1,2,0,3,4,96,7,5,11
1/cs14463295495473746406.png,0,2,8,1,4,108,0,3,7
1/cs14109715760385668411.png,1,2,0,0,5,10,5,5,11
1/cs13176460989382088041.png,1,0,1,2,4,7,4,8,11
1/cs13674664387890891180.png,1,2,3,0,2,16,10,0,2
1/cs1377124411565196257.png,1,2,7,2,2,11,3,9,11
1/cs14162819537234442158.png,1,0,9,3,0,25,8,4,11
1/cs13320963714992911620.png,2,0,13,0,4,58,3,3,11
1/cs13746560050831586107.png,2,2,3,1,3,110,0,8,11
1/cs13756994960527014385.png,2,1,11,1,5,32,9,9,11
1/cs13750710473103669053.png,1,1,7,2,0,98,9,3,11
1/cs1421255751490429817.png,0,2,0,2,3,25,1,1,11
1/cs13730011512639174815.png,2,2,2,1,2,99,6,1,9
1/cs14141096423053196298.png,1,0,3,3,5,36,9,5,11
1/cs14176456493802675387.png,2,2,1,2,1,65,10,5,9
1/cs13070781233752104018.png,2,0,9,3,6,38,0,0,11
1/cs13551136908788738110.png,1,1,7,2,3,66,1,1,2
1/cs14232523913602758695.png,1,1,12,3,3,79,10,8,11
1/cs14500812489329214158.png,2,2,2,0,2,65,7,8,5
1/cs14262890585254737203.png,2,0,3,2,1,95,5,1,11
1/cs14373046332377773115.png,2,2,10,0,6,29,6,2,11
1/cs13851304042231347.png,1,0,5,3,5,81,6,3,11
1/cs14348242916881092160.png,0,1,12,2,6,64,1,4,11
1/cs13616380655456708346.png,0,0,10,1,2,91,0,9,11
1/cs13736671448074006576.png,2,1,7,3,4,104,5,3,11
1/cs13433361209496924653.png,0,0,5,1,5,92,9,9,6
1/cs13388808363328702036.png,1,1,6,0,3,81,6,6,2
1/cs14065861646600342864.png,1,0,9,3,2,57,7,0,11
1/cs14119951376557871499.png,0,2,12,3,4,88,6,9,11
1/cs14307705059976880911.png,2,2,4,1,6,42,7,5,0
1/cs13250422974069190312.png,0,0,11,1,6,60,2,6,4
1/cs14395117758414371250.png,2,1,5,2,0,91,2,6,11
1/cs13441813812967340619.png,1,1,6,3,4,104,10,0,11
1/cs13100437062258448840.png,1,2,10,0,1,15,10,0,0
1/cs1354460785282171879.png,1,2,11,3,2,25,5,1,3
1/cs14467173358309033816.png,1,1,8,2,6,19,4,6,11
1/cs13756152759829346274.png,1,0,13,1,6,89,1,5,11
1/cs13226194353807164301.png,0,2,0,2,4,77,6,9,11
1/cs13395393403318727789.png,1,1,11,1,6,63,10,4,11
1/cs13812178280348051833.png,0,0,2,0,2,71,10,8,11
1/cs14106941320669819618.png,2,0,1,0,3,20,3,6,9
1/cs13103842394623395691.png,2,1,10,1,5,3,7,7,6
1/cs14273844384363268466.png,2,0,6,3,3,87,3,0,9
1/cs14286744127560959176.png,1,0,6,0,2,79,4,2,11
1/cs13136507932445610331.png,0,1,3,3,3,19,4,0,0
1/cs13603175163514174091.png,0,2,7,1,0,26,10,7,11
1/cs13253840570012388237.png,2,2,4,0,1,47,5,1,5
1/cs13976735881117041649.png,1,0,7,3,1,101,9,6,11
1/cs14231082424826669586.png,0,1,4,3,4,77,1,6,11
1/cs13167565462773895103.png,0,0,8,2,5,90,10,1,7
1/cs13977017446537166615.png,2,0,0,0,3,96,6,8,11
1/cs13848757608284528763.png,0,0,4,1,4,98,1,3,11
1/cs14120143653746429876.png,1,0,2,2,0,79,2,3,11
1/cs13244678462460073027.png,1,0,10,1,2,84,5,4,11
1/cs14083634127971148463.png,0,0,13,0,6,30,5,8,7
1/cs14186093770485401908.png,0,2,5,0,4,16,9,5,8
1/cs14202594909435585638.png,2,2,6,3,0,88,1,1,11
1/cs13323330145255388376.png,2,2,9,0,3,80,2,4,11
1/cs13993099724836030332.png,1,0,1,1,4,11,2,1,3
1/cs13107862279819619034.png,0,0,8,0,1,94,10,6,11
1/cs1407775715419611730.png,0,2,13,2,3,30,4,6,11
1/cs13999571891116518525.png,0,2,7,3,2,70,6,0,11
1/cs13059143082593572053.png,2,0,11,2,6,64,4,8,3
1/cs14223363677349406780.png,1,0,12,3,3,101,2,3,6
1/cs1448900119568413119.png,1,2,3,1,6,77,10,9,11
1/cs14063566244570797357.png,1,0,3,0,2,36,1,0,7
1/cs13954615863375896689.png,1,1,2,3,4,16,10,9,4
1/cs13271913794400859458.png,0,0,6,3,2,92,8,9,11
1/cs13322144210685851011.png,1,1,5,2,5,26,7,3,2
1/cs13564814755207571738.png,1,1,7,2,6,70,6,2,1
1/cs13658678455455399342.png,1,2,1,2,0,78,3,9,1
1/cs14131984189987714556.png,0,2,10,3,5,60,2,8,7
1/cs14139193845856056291.png,0,2,0,2,1,45,3,2,11
1/cs14333357049608761253.png,0,2,5,1,0,16,10,8,11
1/cs13776534260802460021.png,1,2,2,2,4,44,2,4,0
1/cs14064100338316257637.png,1,0,0,0,4,40,8,5,6
1/cs142747971685657462.png,2,2,3,3,3,96,2,7,11
1/cs1434233316975731572.png,2,2,1,1,0,6,8,9,11
1/cs14221624413574209053.png,2,2,0,3,0,46,5,7,11
1/cs14185089156864012549.png,0,1,3,1,2,62,8,5,10
1/cs13825107741727481901.png,2,2,6,3,1,11,6,5,1
1/cs13738609048836343857.png,2,2,0,2,0,84,6,7,11
1/cs1444435584077511509.png,2,0,9,3,5,67,0,8,4
1/cs13382621852158629130.png,2,0,3,2,4,92,2,1,1
1/cs14513287485411763229.png,1,2,2,3,5,55,3,9,2
1/cs14294941011568813579.png,0,1,11,1,6,5,8,9,11
1/cs13661655873137296064.png,2,0,4,1,6,10,8,6,5
1/cs14026618276129018742.png,1,2,4,1,3,100,7,5,3
1/cs13289024091696439959.png,0,2,0,1,0,44,2,3,2
1/cs1381994373260853113.png,2,0,5,2,6,71,2,2,11
1/cs14444384431357870524.png,2,2,8,1,4,98,2,8,11
1/cs13413286170541115325.png,1,1,0,0,4,22,9,3,11
1/cs14047761259589093239.png,2,1,3,1,2,18,3,0,6
1/cs13545280445214608024.png,2,2,12,0,2,1,1,6,9
1/cs13112574683004623412.png,2,2,11,2,0,108,3,7,4
1/cs13170035429186368013.png,0,0,6,1,2,85,10,0,11
1/cs13022456650300400074.png,0,1,13,0,1,76,4,6,8
1/cs13038302753360277047.png,1,0,4,1,6,80,10,8,11
1/cs13749394980339200204.png,2,2,5,2,4,14,9,0,5
1/cs14182791410996807642.png,2,2,0,0,4,49,4,1,2
1/cs13163195993917356833.png,0,2,7,0,0,23,0,1,11
1/cs1309858460053474189.png,2,2,0,0,5,102,2,6,5
1/cs13533488652518777597.png,0,1,3,2,6,82,4,7,11
1/cs13304458284987460156.png,1,1,8,0,1,45,4,6,5
1/cs14286018624225100751.png,1,2,2,2,6,103,7,3,8
1/cs14039144112330821675.png,0,0,5,2,2,45,2,6,3
1/cs13567731502903437515.png,0,0,9,2,6,75,5,5,3
1/cs14435613130236167344.png,1,0,11,2,1,106,0,7,11
1/cs14484611483267082866.png,1,2,10,2,6,53,5,3,11
1/cs13286711395366525353.png,0,1,6,2,0,68,0,2,11
1/cs14329797460179415439.png,1,2,10,0,6,39,5,7,4
1/cs14437739295389821877.png,0,1,2,2,5,31,4,1,9
1/cs13941561755577973681.png,2,0,10,3,3,95,10,3,11
1/cs13235713566698021719.png,1,0,8,3,1,68,6,8,7
1/cs14122182082563487648.png,0,2,9,0,6,84,3,1,7
1/cs13190847686958347173.png,2,1,7,2,2,16,4,2,11
1/cs13563562572842047410.png,1,2,1,1,0,57,10,9,3
1/cs13462691057817278675.png,1,1,1,2,4,68,5,8,4
1/cs13351348020016302302.png,0,1,8,2,4,50,5,0,11
1/cs1362292106770216634.png,2,1,11,1,3,98,0,9,5
1/cs13964015982476839437.png,0,0,4,3,0,40,7,9,4
1/cs14238885055453177623.png,1,0,5,0,0,60,8,2,4
1/cs13583911039339024289.png,2,1,12,1,3,9,3,9,3
1/cs1355975238785357184.png,1,2,11,1,2,6,4,5,11
1/cs13119186082011442092.png,2,1,3,2,1,62,3,9,8
1/cs13094411506758849166.png,1,2,7,0,2,85,10,9,11
1/cs14002074883219573922.png,1,0,13,3,1,15,4,9,6
1/cs13994009183650867559.png,1,2,6,0,4,68,9,0,10
1/cs13124948352546093871.png,1,0,1,3,2,106,4,6,4
1/cs13144006547985552423.png,0,0,5,0,6,40,0,4,7
1/cs14458853374620599923.png,0,0,13,1,2,3,0,1,11
1/cs13147653117010550884.png,2,2,12,3,4,7,5,3,11
1/cs14353600727876876328.png,2,2,11,3,3,86,7,6,4
1/cs13933642725837738951.png,2,2,3,1,0,44,0,4,7
1/cs14068491681048204161.png,2,0,12,2,2,108,2,8,1
1/cs13242984261528248327.png,2,1,7,2,6,31,2,8,11
1/cs13930163128555082546.png,0,1,6,3,5,77,2,4,11
1/cs13460040818127981472.png,1,2,9,2,5,48,1,7,7
1/cs14045159932029301794.png,0,1,1,2,6,34,7,3,1
1/cs1358814165679778589.png,0,1,13,3,2,61,7,4,11
1/cs13752759763060161453.png,1,1,11,3,0,61,0,9,3
1/cs13776660820390026705.png,1,0,5,1,4,70,3,3,10
1/cs13455906777286562159.png,1,2,10,3,6,48,8,3,11
1/cs14032147833633498153.png,2,1,0,1,3,29,0,1,11
1/cs13778512934379944992.png,0,2,8,0,4,53,10,1,8
1/cs13421344181395162426.png,1,2,9,0,0,21,4,0,7
1/cs13201316432429380841.png,1,2,2,3,6,59,6,5,11
1/cs13794534340933014409.png,0,1,6,2,6,27,9,3,11
1/cs1377952157572803721.png,2,2,10,1,4,39,9,2,11
1/cs13882027681527615776.png,2,0,8,1,5,19,5,2,11
1/cs14382673646066191534.png,2,1,2,1,4,97,10,5,6
1/cs13714941487912366689.png,0,1,1,2,4,98,3,7,11
1/cs13932815159523581377.png,2,0,0,3,2,99,5,3,11
1/cs13031899864115209483.png,1,0,4,1,1,32,1,1,11
1/cs13531078010159885995.png,2,2,10,1,1,86,9,1,11
1/cs14013208725310315836.png,2,0,10,3,1,38,8,3,5
1/cs134373548078605616.png,1,0,5,0,4,60,2,5,11
1/cs1420727360319349998.png,2,2,13,0,0,13,10,9,11
1/cs13377462761013411799.png,1,0,13,1,0,63,10,1,11
1/cs13326943673914430550.png,1,1,1,3,6,55,1,9,7
1/cs13832049682700708156.png,2,0,13,2,6,19,7,4,8
1/cs14175899183117050317.png,0,2,4,1,1,40,10,4,4
1/cs13469635411942397355.png,1,0,9,2,3,95,5,4,11
1/cs13825504413205496820.png,1,1,6,2,0,109,2,1,2
1/cs13701611361430635270.png,2,1,11,3,2,28,10,7,11
1/cs14337216604057129901.png,0,0,11,3,2,106,0,5,11
1/cs13731048986291362182.png,1,0,5,1,4,95,2,3,11
1/cs13696950581987882720.png,0,1,7,3,4,89,2,2,7
1/cs13207481857187839354.png,0,1,4,3,0,91,4,6,11
1/cs13363189886015504540.png,1,0,8,1,2,49,10,2,8
1/cs13136502062722805765.png,0,0,3,2,2,86,9,6,11
1/cs13815528203300199502.png,2,0,1,3,1,59,9,1,11
1/cs14054329411572473107.png,2,2,4,0,1,63,4,7,11
1/cs13281526480811231756.png,2,1,4,1,6,29,6,5,11
1/cs1426500178266795290.png,0,0,10,0,2,54,1,8,11
1/cs1424920922814919143.png,0,2,4,2,1,110,7,6,11
1/cs14130016025443442840.png,0,2,12,1,3,94,5,2,11
1/cs13798146953772339297.png,0,0,12,3,0,33,5,6,8
1/cs13631920864385578283.png,1,2,8,2,5,48,0,5,2
1/cs13794570240308935207.png,0,2,11,0,0,25,0,7,11
1/cs1445080722888178672.png,0,1,1,0,3,92,8,4,6
1/cs14476203523466358707.png,2,1,10,1,4,109,0,4,5
1/cs1434103187662828314.png,0,2,10,3,2,43,5,0,11
1/cs13139057804275064964.png,1,1,11,2,5,37,6,9,9
1/cs14271464468551191767.png,2,1,3,3,2,39,7,5,11
1/cs14147323635354186857.png,2,1,11,2,4,104,8,2,9
1/cs13356983314550271480.png,1,0,2,3,4,80,2,8,0
1/cs13941784694929396697.png,2,0,6,2,5,64,0,8,11
1/cs13909329022157070474.png,2,1,12,1,2,30,2,1,11
1/cs13451528003089656167.png,1,2,3,2,6,66,5,0,0
1/cs1379412180338455241.png,1,0,6,2,3,94,2,8,11
1/cs13723974357066131597.png,2,0,13,1,6,30,2,3,11
1/cs1448884350198175479.png,0,1,4,3,6,3,10,7,9
1/cs13790349703092405477.png,0,0,7,3,5,101,7,4,11
1/cs1408624749262632443.png,0,0,1,3,1,47,10,1,3
1/cs14142990224496888956.png,0,0,0,2,1,97,8,7,9
1/cs13187379041788046989.png,1,0,10,0,1,47,6,7,11
1/cs13128327458758770294.png,2,1,9,1,3,54,7,6,8
1/cs13297595234858277900.png,1,1,9,2,1,25,1,6,1
1/cs13607974343959295852.png,0,0,11,3,0,80,7,8,8
1/cs13876713285660367876.png,0,0,8,2,5,50,5,1,10
1/cs13270086370758270884.png,2,1,6,3,6,57,6,7,6
1/cs13209989599854968434.png,2,2,2,0,6,53,8,1,10
1/cs13778828627981225672.png,1,2,3,1,2,48,6,2,0
1/cs13449646262243846378.png,2,2,11,2,0,8,1,7,9
1/cs13177103888423278318.png,2,1,2,3,4,102,4,2,1
1/cs14241888592716916528.png,1,1,6,3,0,5,7,4,11
1/cs1444770473502002776.png,0,2,2,0,6,22,9,5,11
1/cs1436274890371755129.png,2,1,4,1,5,103,4,5,11
1/cs14270285671215708643.png,2,0,8,0,5,83,4,9,11
1/cs13148385346439330085.png,0,0,5,2,0,33,4,9,11
1/cs13098859682624643368.png,1,0,4,0,0,18,9,5,11
1/cs14483764544324846988.png,0,0,8,2,0,55,9,6,0
1/cs13997825516708057310.png,1,2,0,0,2,0,9,8,9
1/cs14160863760624408574.png,2,0,6,2,4,82,1,4,11
1/cs13819888094908530157.png,0,0,8,1,6,77,8,0,11
1/cs1323905151834131628.png,1,1,10,2,4,12,10,2,10
1/cs14194515010971111692.png,2,0,13,2,5,96,3,2,0
1/cs13816738134797848095.png,1,2,5,3,4,46,5,7,11
1/cs14025565126638599387.png,1,1,2,0,3,45,8,0,11
1/cs13633142805712588969.png,2,0,2,3,2,52,0,1,2
1/cs13708774709496556677.png,2,2,6,3,0,31,6,5,11
1/cs14025658539475409258.png,2,0,8,2,5,44,7,9,11
1/cs14489236235581209870.png,0,1,3,0,0,93,4,2,5
1/cs14094869780462746182.png,1,0,2,0,4,46,8,9,11
1/cs1328336454701503123.png,2,2,11,3,2,105,8,6,11
1/cs1332144793766244668.png,1,0,5,0,3,76,7,7,1
1/cs13165453919473724017.png,1,0,13,2,1,20,3,8,11
1/cs1355914862178616824.png,2,0,11,2,2,9,2,3,11
1/cs13199996726502938704.png,2,2,5,0,0,105,8,1,0
1/cs14199336757025421486.png,1,1,0,0,4,81,5,1,7
1/cs14089357318940682061.png,0,2,7,2,1,104,10,6,10
1/cs13920407951343776742.png,2,1,6,3,3,13,5,0,10
1/cs13013508512559525487.png,0,1,0,3,0,55,5,6,5
1/cs1306137205616701510.png,0,0,12,0,6,94,7,7,11
1/cs14081907751334339750.png,1,2,12,1,0,26,4,5,2
1/cs13180755482909480009.png,1,2,2,2,0,21,8,5,9
1/cs1398430020037986008.png,2,0,11,1,6,55,9,2,5
1/cs13678118174795618740.png,0,2,9,2,1,87,2,3,11
1/cs14156131176606301320.png,1,0,13,2,6,55,3,7,3
1/cs13376990835292170044.png,1,2,1,1,1,83,0,0,11
1/cs1446026179844951762.png,2,1,8,2,3,60,8,1,11
1/cs14235299194649444727.png,2,2,1,1,5,18,6,0,11
1/cs14138660660590498251.png,2,2,8,3,6,4,0,2,1
1/cs13633035679512066616.png,0,2,1,1,6,55,2,0,3
1/cs13169055351489611544.png,2,0,8,0,0,94,0,1,11
1/cs14419145057367939028.png,2,1,1,3,1,76,8,2,6
1/cs13339189050832454062.png,2,1,10,3,1,73,7,4,1
1/cs13492493459267096881.png,0,1,12,3,3,81,4,7,11
1/cs14133660694155384766.png,0,0,4,3,6,99,7,2,5
1/cs13819191516121049606.png,2,2,13,0,6,6,8,4,2
1/cs13834221284144160639.png,0,1,1,3,3,67,5,6,1
1/cs13314392563510972581.png,0,0,5,2,5,9,10,2,11
1/cs1377656140649362302.png,2,1,7,0,4,102,0,2,11
1/cs13954227403775507208.png,1,1,10,0,0,78,6,7,1
1/cs13433980092595761253.png,0,2,2,3,6,94,0,4,11
1/cs1352873549992344646.png,2,2,11,1,5,90,9,2,8
1/cs13768082448230143390.png,2,2,11,2,5,90,10,1,11
1/cs1404726235227127432.png,2,2,13,2,0,31,4,6,11
1/cs13626742548810676005.png,1,0,10,1,6,82,4,0,5
1/cs13048541863967562866.png,1,1,7,0,4,89,7,3,9
1/cs1401980412471875009.png,1,2,7,3,2,49,7,9,11
1/cs14194640598183768796.png,2,2,12,0,1,90,9,9,6
1/cs13891585177221822557.png,1,0,7,3,4,52,0,6,9
